Model,RMSE,MAE
MLP,5.688753096650164,3.889282461824516
