dataset_version,definition,n,rmse,mae
old_6205b4b,feature_building_age >= 100,9317,6.479538329361894,4.600822448730469
v2_current,feature_building_age >= 100,9317,6.451042670614258,4.590810775756836
