model,n_rows,mean_residual,median_residual,residual_std,mae,rmse,max_abs_error
XGBoost,53294,0.01151330815308375,0.3321685791015625,5.29671224370009,3.5661898323269363,5.296675063313693,59.751869201660156
