model,n_rows,mean_residual,median_residual,residual_std,mae,rmse,max_abs_error
XGBoost,53294,0.012706774155477442,0.3750152587890625,5.409907857702349,3.659076156618856,5.409872025080607,66.12541389465332
